{
  "n_total": 7,
  "eval_device": "cuda:1",
  "mean_faceid_cos_sim": 0.07442130219368706,
  "std_faceid_cos_sim": 0.13028027733116135,
  "mean_faceid_l2_dist": 1.8280073659760612,
  "mean_ssim": 0.3151876112359696,
  "mean_ms_ssim": 0.31048549301825684,
  "mean_lpips": 0.395303481391498,
  "mean_mae": 37.53903125581287,
  "mean_psnr": 13.652181511330236,
  "mean_warp_diff": 15.593296595982142,
  "mean_warp_coverage": 34.23549107142856,
  "mean_diversity_l1": 33.116123744419646,
  "mean_diversity_cosine": 0.9192598217480643,
  "mean_sharpness": 805.7901720319476,
  "mean_noise_level": 8.093333653041295,
  "mean_overexp_pct": 4.153551374162946,
  "mean_underexp_pct": 11.064583914620536,
  "mean_blockiness": 0.0010143908272896493,
  "mean_color_shift": 0.4828656603183065,
  "mean_entropy": 7.150536852237219,
  "mean_artifact_score": 1.2142857142857142,
  "pct_identity_ok": 14.285714285714285,
  "pct_face_detected": 14.285714285714285,
  "pct_warp_ok": 100.0,
  "corr_warp_vs_faceid": -0.5126614647991973,
  "corr_ssim_vs_lpips": -0.6739828410181291,
  "corr_sharpness_vs_faceid": 0.7577940743610421,
  "score": 5,
  "grade": "🟢 Хорошо",
  "per_image": [
    {
      "id": "1027",
      "faceid_cos_mean": 0.0,
      "faceid_cos_A": 0.0,
      "faceid_cos_B": 0.0,
      "faceid_l2_A": 2.0,
      "faceid_l2_B": 2.0,
      "ssim_A": 0.16306801298446819,
      "ssim_B": 0.2985194475769063,
      "ms_ssim_A": 0.13308526575282995,
      "ms_ssim_B": 0.24364708598304605,
      "lpips_A": 0.5505695343017578,
      "lpips_B": 0.5407227277755737,
      "mae_A": 39.393961588541664,
      "mae_B": 38.8830820719401,
      "psnr_A": 11.741820797730975,
      "psnr_B": 11.964047463916254,
      "warp_diff": 11.463511149088541,
      "warp_coverage": 17.893473307291664,
      "diversity_l1": 33.02885437011719,
      "diversity_cos": 0.818817100366973,
      "sharpness_A": 1135.384033203125,
      "sharpness_B": 260.5208740234375,
      "noise_A": 10.201324462890625,
      "noise_B": 5.135702133178711,
      "overexp_A": 0.0030517578125,
      "overexp_B": 0.0,
      "underexp_A": 44.41986083984375,
      "underexp_B": 38.336181640625,
      "blockiness_A": 0.0009961457690224051,
      "blockiness_B": 0.0010008340468630195,
      "color_shift_A": 0.5770350098609924,
      "color_shift_B": 0.542494535446167,
      "entropy_A": 5.547418052745328,
      "entropy_B": 6.462028913644754,
      "artifact_A": 2,
      "artifact_B": 1,
      "identity_ok": false,
      "face_detected": false,
      "generation_ok": true
    },
    {
      "id": "2558",
      "faceid_cos_mean": 0.0,
      "faceid_cos_A": 0.0,
      "faceid_cos_B": 0.0,
      "faceid_l2_A": 2.0,
      "faceid_l2_B": 2.0,
      "ssim_A": 0.34792053745144885,
      "ssim_B": 0.40776991700469756,
      "ms_ssim_A": 0.37099247601456775,
      "ms_ssim_B": 0.4090786083541249,
      "lpips_A": 0.3275672197341919,
      "lpips_B": 0.30678024888038635,
      "mae_A": 27.139689127604168,
      "mae_B": 29.200149536132812,
      "psnr_A": 16.18327897465211,
      "psnr_B": 15.688849104081463,
      "warp_diff": 13.851857503255209,
      "warp_coverage": 36.89778645833333,
      "diversity_l1": 24.306869506835938,
      "diversity_cos": 0.9458891402328269,
      "sharpness_A": 347.4752197265625,
      "sharpness_B": 222.77084350585938,
      "noise_A": 5.594656467437744,
      "noise_B": 4.473703861236572,
      "overexp_A": 0.0,
      "overexp_B": 0.0,
      "underexp_A": 13.68865966796875,
      "underexp_B": 10.6292724609375,
      "blockiness_A": 0.0009999689646065235,
      "blockiness_B": 0.0010199655080214143,
      "color_shift_A": 0.2274748682975769,
      "color_shift_B": 0.20928533375263214,
      "entropy_A": 7.449042941566577,
      "entropy_B": 7.486665433191944,
      "artifact_A": 1,
      "artifact_B": 1,
      "identity_ok": false,
      "face_detected": false,
      "generation_ok": true
    },
    {
      "id": "5357",
      "faceid_cos_mean": 0.1558648645877838,
      "faceid_cos_A": 0.0,
      "faceid_cos_B": 0.1558648645877838,
      "faceid_l2_A": 2.0,
      "faceid_l2_B": 1.2993346452713013,
      "ssim_A": 0.2965277822054313,
      "ssim_B": 0.3798368582941297,
      "ms_ssim_A": 0.2943033535714705,
      "ms_ssim_B": 0.3541239107070264,
      "lpips_A": 0.40361469984054565,
      "lpips_B": 0.4075133502483368,
      "mae_A": 47.528666178385414,
      "mae_B": 47.3570302327474,
      "psnr_A": 12.17279328773646,
      "psnr_B": 12.201432063612096,
      "warp_diff": 17.937672932942707,
      "warp_coverage": 32.15993245442708,
      "diversity_l1": 40.57674662272135,
      "diversity_cos": 0.9120403900207953,
      "sharpness_A": 1000.8680419921875,
      "sharpness_B": 668.7073364257812,
      "noise_A": 10.454610824584961,
      "noise_B": 8.44164752960205,
      "overexp_A": 0.22125244140625,
      "overexp_B": 0.0,
      "underexp_A": 0.0,
      "underexp_B": 0.0,
      "blockiness_A": 0.0010206771548837423,
      "blockiness_B": 0.0009975520661100745,
      "color_shift_A": 0.36099013686180115,
      "color_shift_B": 0.36780503392219543,
      "entropy_A": 7.681233134782202,
      "entropy_B": 7.58270004847606,
      "artifact_A": 1,
      "artifact_B": 1,
      "identity_ok": false,
      "face_detected": false,
      "generation_ok": true
    },
    {
      "id": "1010",
      "faceid_cos_mean": 0.3650842507680257,
      "faceid_cos_A": 0.38665229082107544,
      "faceid_cos_B": 0.29764366149902344,
      "faceid_l2_A": 1.107562780380249,
      "faceid_l2_B": 1.1852056980133057,
      "ssim_A": 0.42752286095622494,
      "ssim_B": 0.44393367896110264,
      "ms_ssim_A": 0.4753308216764391,
      "ms_ssim_B": 0.4849892959571953,
      "lpips_A": 0.29641661047935486,
      "lpips_B": 0.37426474690437317,
      "mae_A": 32.1790517171224,
      "mae_B": 35.238616943359375,
      "psnr_A": 14.425148256187297,
      "psnr_B": 13.636370816511857,
      "warp_diff": 17.505279541015625,
      "warp_coverage": 37.3077392578125,
      "diversity_l1": 31.600123087565105,
      "diversity_cos": 0.9635846105846267,
      "sharpness_A": 1410.8255615234375,
      "sharpness_B": 1524.0074462890625,
      "noise_A": 10.835555076599121,
      "noise_B": 10.53930377960205,
      "overexp_A": 28.25775146484375,
      "overexp_B": 29.64324951171875,
      "underexp_A": 3.125,
      "underexp_B": 0.00152587890625,
      "blockiness_A": 0.001020620227791369,
      "blockiness_B": 0.0010135096963495016,
      "color_shift_A": 0.6399590373039246,
      "color_shift_B": 0.847949743270874,
      "entropy_A": 6.8298826682727345,
      "entropy_B": 6.581451835974329,
      "artifact_A": 2,
      "artifact_B": 2,
      "identity_ok": true,
      "face_detected": true,
      "generation_ok": true
    },
    {
      "id": "1818",
      "faceid_cos_mean": 0.0,
      "faceid_cos_A": 0.0,
      "faceid_cos_B": 0.0,
      "faceid_l2_A": 2.0,
      "faceid_l2_B": 2.0,
      "ssim_A": 0.30797661020879585,
      "ssim_B": 0.30329352851817126,
      "ms_ssim_A": 0.2865320143163055,
      "ms_ssim_B": 0.2746181662439411,
      "lpips_A": 0.3901641070842743,
      "lpips_B": 0.416364461183548,
      "mae_A": 35.63835144042969,
      "mae_B": 39.5418446858724,
      "psnr_A": 14.585084069631423,
      "psnr_B": 14.014506642933316,
      "warp_diff": 15.20025634765625,
      "warp_coverage": 40.81929524739583,
      "diversity_l1": 37.2158203125,
      "diversity_cos": 0.9581163624244176,
      "sharpness_A": 1444.4359130859375,
      "sharpness_B": 624.2415161132812,
      "noise_A": 10.33227825164795,
      "noise_B": 7.241325855255127,
      "overexp_A": 0.0030517578125,
      "overexp_B": 0.0,
      "underexp_A": 0.0,
      "underexp_B": 0.0,
      "blockiness_A": 0.0010484871454536915,
      "blockiness_B": 0.0010255983797833323,
      "color_shift_A": 0.6359855532646179,
      "color_shift_B": 0.5987865924835205,
      "entropy_A": 7.224808759153331,
      "entropy_B": 7.241669770739798,
      "artifact_A": 1,
      "artifact_B": 0,