{
  "model": "GRU",
  "window_size": 24,
  "hidden_size": 64,
  "num_layers": 2,
  "batch_size": 32,
  "learning_rate": 0.001,
  "seed": 42,
  "scaler_mean": 130.9954067402673,
  "scaler_scale": 19.707359990423505,
  "best_val_mae": 476.29577871042846
}