{
  "model": "GRU",
  "window_size": 24,
  "hidden_size": 64,
  "num_layers": 2,
  "batch_size": 32,
  "learning_rate": 0.001,
  "seed": 42,
  "scaler_mean": 128.2521495016611,
  "scaler_scale": 18.49701999697105,
  "best_val_mae": 296.8387785517682
}