,zeros_column,missing_column,value
zeros_column,1.0,0.06641675610861204,-0.026616401871447336
missing_column,0.06641675610861204,1.0,0.170622102574043
value,-0.026616401871447336,0.170622102574043,1.0
