name,dtype,non_null,missing,missing_share,unique,is_numeric,min,max,mean,std
id,object,200,0,0.0,50,False,,,,
category,object,200,0,0.0,25,False,,,,
zeros_column,float64,200,0,0.0,51,True,0.0,96.68244157101984,13.896553884328958,28.317843081644845
missing_column,float64,130,70,0.35,130,True,19.625224448114096,997.327991982896,481.98747269892664,286.4574905532487
value,float64,200,0,0.0,200,True,11.395079180583137,999.3451375036024,492.8422636800306,300.43120762448353
