value,count,share
 Category_24,16,0.3902439024390244
 Category_8 ,13,0.3170731707317073
 Category_6 ,12,0.2926829268292683
