value,count,share
Category_19,12,0.34285714285714286
Category_20,12,0.34285714285714286
Category_14,11,0.3142857142857143
