value,count,share
  24,5,0.5555555555555556
  31,2,0.2222222222222222
  52,2,0.2222222222222222
