value,count,share
                     ,70,0.9722222222222222
 774.9291825495864   ,1,0.013888888888888888
 312.92769691542634  ,1,0.013888888888888888
