value,count,share
ID_0041,8,0.36363636363636365
ID_0004,7,0.3181818181818182
ID_0006,7,0.3181818181818182
