value,count,share
ID_0038,8,0.38095238095238093
ID_0009,7,0.3333333333333333
ID_0045,6,0.2857142857142857
